feature,mean_shap
delinq_max,0.45412418
PAY_0,0.26264194
PAY_AMT2,0.101294436
bill_std,0.09926797
pay_ratio_min,0.09776978
util_2,0.09060053
LIMIT_BAL,0.08718924
PAY_AMT1,0.08357542
BILL_AMT1,0.08141522
bill_trend,0.081392795
delinq_count_pos,0.07994402
pay_ratio_3,0.07617926
pay_ratio_4,0.062410463
MARRIAGE,0.057443127
util_1,0.054399602
util_std,0.05303471
PAY_AMT3,0.05255614
bill_mean,0.05218321
pay_ratio_1,0.04771618
PAY_AMT6,0.044028915
SEX,0.040543817
EDUCATION,0.038865104
util_x_delinq,0.038285844
util_5,0.036907896
pay_ratio_5,0.03603882
pay_ratio_6,0.035772268
AGE,0.035337817
BILL_AMT5,0.03522313
util_max,0.03477344
pay_ratio_mean,0.033622127
pay_ratio_std,0.031798843
ratio_x_util,0.030232357
PAY_AMT4,0.029047787
BILL_AMT2,0.028942222
util_trend,0.028738992
delinq_mean,0.028608529
util_6,0.026609492
pay_ratio_trend,0.024571797
delinq_std,0.023839157
util_mean,0.023538053
pay_ratio_2,0.021569926
BILL_AMT3,0.02151313
util_4,0.020770082
util_3,0.018611694
BILL_AMT6,0.015742527
PAY_AMT5,0.014940955
BILL_AMT4,0.013563443
delinq_streak,0.012598613
bill_last,0.0103734
PAY_6,0.00825324
PAY_4,0.007322762
util_last,0.0070517045
PAY_2,0.0066190665
PAY_5,0.00521162
PAY_3,0.0046939803
